Batch,Size (Tb)
467,0.00932568
410,3.288423532
411,0.025108056
d394,0.001648372
d402,0.002510484
d425,0.008796768
