Batch,Size (Tb)
671,1.28e-07
385,13.620666784
366,17.623072032
249,0.014377584
374,0.144978224
376,0.004041584
