Batch,Size (Tb)
570,0.16819552
422,0.005914528
58,0.0
415,0.005749024
54,6.4e-08
57,0.0
checksum.md5,3.68e-06
416,0.005580768
407,0.199782336
404,0.215065408
405,0.397272032
390,1.465911744
420,0.268358592
412,0.144838176
367,0.738527904
421,0.005368096
370,1.699216032
413,0.269162016
419,0.133528416
